square_id,latitude,longitude,avg_latency,std_latency,total_throughput,zone_avg_latency,zone_avg_upload,zone_avg_download,cluster
Unknown,-37.66109741108183,144.79669391626874,445.54182076403754,9.440464439152626,19.431196851072368,445.54182076403754,8.134268071793183,11.296928779279186,4
square_103079215125,-37.73100026388889,144.7450577361111,33.45104166666667,13.550456586179202,20.5,33.45104166666667,10.5,10.0,1
square_103079215126,-37.72872622641509,144.74966169407008,156.11758760107816,24.56655749591028,32.34617250673855,156.11758760107818,10.050943396226415,22.295229110512132,1
square_103079215128,-37.725017746268655,144.7598206268657,358.4242537313433,11.858855182149734,21.967164179104476,358.42425373134336,2.5074626865671643,19.459701492537317,4
square_103079215130,-37.727819119688505,144.76626341645505,335.91896901980704,14.21008106828575,22.678320299274166,335.91896901980704,7.86425427458947,14.814066024684696,4
square_103079215132,-37.727763458947855,144.77257047450934,301.09763964696316,15.84359399686805,25.17652820747082,301.0976396469632,8.607399837417258,16.569128370053566,4
square_103079215134,-37.728096580847726,144.7804233849459,163.8885437494836,20.67056892069086,26.85285586637869,163.8885437494836,11.342111873089316,15.51074399328937,1
square_103079215136,-37.729572361085346,144.78716346219852,176.77109983766235,12.503927894924987,24.183306184956226,176.77109983766235,12.088494897959183,12.094811286997045,1
square_103079215138,-37.72831961700888,144.7948691146061,67.46866826853066,12.490749195909224,35.831561658111255,67.46866826853065,13.578086500655308,22.253475157455945,1
square_103079215140,-37.72841463787662,144.8013012737446,86.48081492109038,12.670778546997354,39.501027259684356,86.4808149210904,11.968474892395983,27.532552367288385,1
square_103079215142,-37.7297856030041,144.80946114714874,271.9363719325823,17.32468141437647,27.132992707378175,271.9363719325823,8.758644659855033,18.374348047523146,1
square_103079215144,-37.73019223749332,144.8153652729215,489.4020696101121,15.026650133237625,22.803067826672937,489.40206961011216,5.245591952999822,17.557475873673113,4
square_103079215147,-37.729131146226905,144.82337450046967,257.65400010437327,13.367813562011957,33.25377496599716,257.65400010437327,9.591758689072122,23.662016276925034,1
square_103079215151,-37.72613611457456,144.8373200494243,355.3527078067958,22.9653029784798,22.671682616364787,355.3527078067958,10.107405223251895,12.56427739311289,4
square_103079215153,-37.72556511989101,144.84574772615804,134.30546321525887,20.770793671465633,32.90871934604905,134.30546321525884,12.49881471389646,20.409904632152593,1
square_103079215155,-37.72733207001871,144.84985684252172,174.12748319720947,20.365179293888588,35.62459720992588,174.12748319720947,12.15765186319551,23.46694534673037,1
square_103079215157,-37.725784366666666,144.85826025833333,66.92252083333334,13.17835889035239,25.182000000000002,66.92252083333332,5.027833333333334,20.154166666666665,1
square_103079215158,-37.7248474,144.86353200000002,98.07000000000001,9.618069406736522,60.339999999999996,98.07,8.4,51.94,0
square_103079215180,-37.72171763776224,144.75115515664336,267.4509090909091,21.264603234650234,29.937454545454543,267.4509090909091,8.638461538461538,21.298993006993005,1
square_103079215182,-37.724470571428576,144.7554042857143,353.8,15.132034034460967,19.114285714285717,353.8,0.0,19.114285714285717,4
square_103079215184,-37.7210933332093,144.7671803752558,518.1106558139535,13.907479889889082,21.081942834302325,518.1106558139535,3.4055813953488374,17.67636143895349,4
square_103079215186,-37.72085694656073,144.7720933361994,368.00420085981716,17.7737519567525,21.27827466234831,368.0042008598171,6.319440574662604,14.958834087685702,4
square_103079215188,-37.720716246114776,144.77914837613002,179.57749263585578,28.899672471982345,26.222451978320215,179.57749263585578,11.83961808024378,14.382833898076434,1
square_111669149696,-37.71885173536585,144.78959236341464,409.05712195121953,9.115501618898053,16.187658536585364,409.05712195121953,7.900487804878049,8.287170731707318,4
square_111669149698,-37.72125332773357,144.79446681653403,169.02727379899795,11.583657619661187,34.07873533861074,169.02727379899792,10.679466548776894,23.399268789833847,1
square_111669149700,-37.72114835475467,144.80094171254885,307.5302865827182,14.332258067750898,27.21058570851878,307.5302865827182,6.546788970907512,20.66379673761127,4
square_111669149702,-37.72033261418919,144.80687176216216,378.8500506756756,28.117759182294833,26.607534496410473,378.8500506756756,6.874662162162162,19.73287233424831,4
square_111669149706,-37.72058339547414,144.82431927456895,380.97284841954024,12.25087918063466,27.917575908090875,380.9728484195402,7.323490660919539,20.594085247171336,4
square_111669149708,-37.72076751441083,144.8304178243711,169.5703129137387,31.0566411675356,30.80864783340176,169.57031291373866,12.117682045014766,18.690965788386993,1
square_111669149710,-37.72134249332975,144.83606470561375,132.81380226519832,33.946194997911036,31.225471394037065,132.81380226519832,13.550890858626556,17.674580535410513,1
square_111669149712,-37.72331748547008,144.84318317435898,88.52332478632478,28.455407040322065,32.06411508413461,88.52332478632479,13.145042735042736,18.91907234909188,1
square_111669149714,-37.72060695417219,144.85213469245033,230.15051721854303,19.944275163619565,29.55446751862583,230.15051721854303,7.986606622516557,21.567860896109273,1
square_111669149716,-37.7210632137741,144.857418384573,226.35026170798898,14.912144123512533,18.874484687069558,226.35026170798895,4.394512396694215,14.479972290375343,4
square_111669149718,-37.72215585714286,144.86703125,104.22589285714285,14.11066654677248,64.44642857142857,104.22589285714288,12.375,52.07142857142856,0
square_111669149719,-37.71860861538461,144.871684,51.642307692307696,13.235252116589917,58.00769230769231,51.642307692307696,12.923076923076923,45.08461538461539,0
square_111669149740,-37.71632567298578,144.75400272511848,458.0035545023697,14.429163311882078,23.926091158175357,458.0035545023696,5.962559241706161,17.963531916469194,4
square_111669149742,-37.71214747333333,144.75540393666668,360.2292916666667,22.456774878630785,24.590186328125,360.22929166666665,6.839666666666667,17.75051966145833,4
square_111669149744,-37.714038328118484,144.76806400458906,498.43240508969546,13.139826388440117,19.47540408176236,498.4324050896955,4.277534418022528,15.197869663739832,4
square_111669149746,-37.71330646493644,144.7724431367977,405.2417232995489,20.709076694173177,20.54275164635084,405.2417232995489,5.851150038080731,14.691601608270108,4
square_111669149748,-37.71339412955584,144.77962583671882,239.6013838808436,25.288891065516097,27.02078226747011,239.60138388084363,10.4169404218097,16.603841845660412,1
square_111669149750,-37.71309359914883,144.78743551187318,217.2690004934312,13.98191701262643,24.769663858429578,217.2690004934312,9.797503854931229,14.97216000349835,1
square_111669149752,-37.71318643993047,144.7941540075987,137.29201961758133,13.142703577397118,30.98291969925658,137.29201961758133,9.160438539855972,21.82248115940061,1
square_111669149754,-37.71321898102775,144.80129409060012,268.6578434281946,13.963099621068105,23.677057383809224,268.6578434281946,5.662143762999036,18.014913620810187,4
square_111669149756,-37.71366066068485,144.80825942263323,403.4679362754074,40.68849691222994,16.90887530614814,403.4679362754074,4.091051089544039,12.817824216604102,4
square_111669149758,-37.71192087584216,144.8147951357074,443.3964148219442,36.74150186622883,16.389475325583494,443.3964148219441,3.078801732435034,13.31067359314846,4
square_111669149760,-37.712715141693565,144.82460459120946,328.5348086675888,34.62090551943608,30.280778776702014,328.5348086675888,6.684035653911173,23.59674312279084,1
square_111669149762,-37.71485659806875,144.83027934257618,187.97798347802976,37.73228723285002,33.929935779422834,187.97798347802976,11.865559000708716,22.064376778714124,1
square_111669149764,-37.714794281609194,144.83563025798213,97.59757662835248,36.035944111485065,34.62730523627076,97.59757662835248,13.80756704980843,20.819738186462324,1
square_111669149768,-37.71292812306476,144.85317926557616,155.124718972332,22.940615773917735,49.044619434573576,155.124718972332,15.465130519344786,33.579488915228794,0
square_111669149772,-37.71435294011725,144.85821586254187,135.96080925460635,22.676157144237074,36.60609581108668,135.96080925460635,10.631727386934672,25.974368424152008,1
square_111669149774,-37.712351258064515,144.86812722580646,278.5911290322581,22.604656633492436,8.406129032258066,278.59112903225804,8.406129032258063,0.0,2
square_111669149776,-37.71571156,144.87508148,76.56066666666666,10.989738901168668,25.858666666666668,76.56066666666666,14.926666666666664,10.932,1
square_111669149777,-37.712170071428574,144.88027957142856,164.3297619047619,23.768054334071717,32.419047619047625,164.32976190476194,10.626190476190478,21.79285714285714,1
square_120259084292,-37.70443893005464,144.75348901384334,80.92928961748633,13.287626527077151,54.07601312044626,80.92928961748633,15.173479052823314,38.90253406762295,0
square_120259084293,-37.709546315789474,144.8836864736842,233.83815789473684,12.137890492824402,29.527368421052632,233.8381578947368,6.211578947368421,23.31578947368421,1
square_120259084301,-37.70561092074392,144.7584178327611,257.0537339055794,13.020137046621052,16.8370072396951,257.0537339055794,5.4325550786838335,11.404452161011266,4
square_120259084303,-37.706123509957756,144.76629472652814,416.6191525131477,19.90993764985793,15.365085353869407,416.6191525131477,6.334756444521079,9.030328909348327,4
square_120259084304,-37.70708215342446,144.77281732614574,465.0097836415466,13.015890252316414,18.421866405736058,465.00978364154673,7.864666325560997,10.557200080175058,4
square_120259084306,-37.70693064355694,144.7799905800936,275.5113276131045,37.104213864413325,19.61327508897231,275.51132761310447,10.635859594383774,8.977415494588532,1
square_120259084308,-37.707333259846266,144.78677904815999,211.0007127066186,33.03579181073689,23.185896597435974,211.0007127066186,10.287723964356168,12.898172633079808,1
square_120259084310,-37.70783921312716,144.79479022523788,51.687712478373705,13.213237123350561,36.53759279033304,51.6877124783737,14.926286764705882,21.61130602562716,1
square_120259084312,-37.708079839158025,144.80119943408198,87.61462685063954,17.70220950695763,31.176562242311032,87.61462685063955,12.295786081176352,18.88077616113468,1
square_120259084314,-37.707145370702925,144.80826001641867,236.017861723961,38.89158077365862,27.824195430749743,236.017861723961,8.202308876346844,19.621886554402906,1
square_120259084316,-37.70639759487853,144.81477238017072,268.9970945502298,21.30508026244197,36.634543779239166,268.9970945502298,7.925561391989495,28.70898238724967,1
square_120259084318,-37.707967091616766,144.8214752754491,272.5573502994012,36.42900432186619,29.163544173372003,272.55735029940115,7.150502994011976,22.01304117936003,1
square_120259084320,-37.70684684935065,144.83243781428573,118.37896103896104,43.63354323077722,33.169675324675325,118.37896103896104,11.508961038961038,21.660714285714285,1
square_120259084322,-37.70832311507937,144.83525274603176,91.27440476190476,44.18919195766277,36.22646825396825,91.27440476190476,14.0,22.226468253968253,1
square_120259084328,-37.707547754716984,144.86077126415094,44.69716981132075,12.001487513548978,14.211698113207548,44.697169811320755,14.211698113207548,0.0,2
square_120259084330,-37.70724397674419,144.86588325581394,263.94011627906974,12.258115229244805,5.723255813953489,263.94011627906974,5.723255813953489,0.0,2
square_120259084353,-37.70054987122672,144.7539096512524,180.72869299935775,12.779684781897698,43.87447434971099,180.72869299935775,12.098201669877971,31.776272679833017,1
square_120259084355,-37.69886734487962,144.7582895008574,127.94373756773442,15.54185600116632,30.003129110149874,127.94373756773442,12.681500788805817,17.321628321344058,1
square_120259084357,-37.69923492722063,144.76513491085643,314.3446147723655,22.792382136426692,15.198083772335641,314.3446147723655,7.538868513212352,7.659215259123288,4
square_120259084358,-37.700528898741766,144.77095716192332,604.5835118334331,17.097049700620545,16.385700202333922,604.5835118334332,8.898469143199522,7.487231059134399,4
square_120259084359,-37.69984354150408,144.78116217045053,234.6863914508691,59.035017117745525,17.047967748841565,234.6863914508691,11.955894578363338,5.092073170478228,1
square_120259084360,-37.69914817624922,144.78714206481288,259.46709178339955,31.524685687857666,17.654935117702017,259.4670917833995,11.36210746393477,6.292827653767249,1
square_120259084361,-37.6998211443186,144.80126554859334,54.01441313481915,13.864416995168462,36.85471684325904,54.01441313481914,16.360666788454512,20.49405005480453,1
square_120259084363,-37.70129095473251,144.80783449331275,61.140380658436214,15.150249246158056,31.356090534979423,61.1403806584362,14.542438271604938,16.813652263374486,1
square_120259084365,-37.703027727272726,144.812486,51.43636363636363,17.189329162029704,36.10272727272727,51.43636363636364,12.924545454545456,23.178181818181816,1
square_120259084367,-37.70211916917293,144.82199819548873,268.4375939849624,44.07686966938457,27.481034128289473,268.4375939849624,7.105263157894737,20.375770970394736,1
square_128849018907,-37.69539794705882,144.7541581,389.91977941176475,12.678827889757587,47.00347529871324,389.9197794117647,9.079411764705885,37.92406353400735,1
square_128849018908,-37.692397143014304,144.75877530483046,129.4314106410641,13.875078940968242,25.97953424053343,129.4314106410641,11.766406640664067,14.21312759986936,1
square_128849018909,-37.69231778848443,144.76484322648957,222.67973184637555,17.32133742261729,25.423730821171528,222.67973184637555,9.2712969112211,16.152433909950425,1
square_128849018910,-37.69250567174552,144.77341393771718,66.0565423683507,31.419322723833243,37.5951896060963,66.0565423683507,14.041855118952151,23.55333448714415,1
square_128849018911,-37.692542593727765,144.78014379531362,142.31301718003456,54.95150092802897,27.77850072490184,142.31301718003456,14.77032997031298,13.00817075458886,1
square_128849018912,-37.69186634365938,144.78658175863433,253.50020333509096,24.93871327295431,20.898501039641282,253.500203335091,11.041792776166623,9.856708263474658,1
square_128849018913,-37.693556729092755,144.79372633679677,199.4728205778003,15.90051521015703,25.670187358440508,199.47282057780032,11.706198682209834,13.963988676230674,1
square_128849018914,-37.694585518181825,144.80052645454546,140.51789545454545,15.193351714757776,28.34952215909091,140.51789545454548,10.627018181818183,17.722503977272726,1
square_128849018915,-37.6929798962963,144.80730512222223,101.87768518518519,14.120917119220582,38.68966145833333,101.8776851851852,8.899296296296296,29.79036516203704,1
square_128849018930,-37.69448047058823,144.88578935294117,39.108823529411765,11.818559609697106,48.44705882352941,39.10882352941177,15.11176470588235,33.33529411764706,0
square_128849018932,-37.6943605,144.90323672727274,707.7477272727273,6.666444376743228,9.22181818181818,707.7477272727272,0.9545454545454546,8.267272727272728,3
square_128849018933,-37.693758583333334,144.91003404166665,481.3364583333334,7.9579977467310625,15.645833333333334,481.33645833333327,0.0,15.645833333333334,4
square_128849018934,-37.69441511764706,144.91721882352942,682.5191176470589,6.495735803816249,4.7812201286764715,682.5191176470588,0.0,4.7812201286764715,3
square_128849018960,-37.68583040243632,144.75925359313402,124.5917054263566,13.03037956317908,23.353416947847453,124.5917054263566,12.667335548172757,10.686081399674697,1
square_128849018961,-37.687933780839074,144.76529628365685,227.2448810269255,16.939034416838616,26.443877619657954,227.2448810269255,8.520976831559173,17.92290078809878,1
square_128849018962,-37.68464167373705,144.77315262920985,88.09037807642488,24.334373434828603,32.729964428837434,88.09037807642487,11.603367875647669,21.126596553189767,1
square_128849018963,-37.68583152816734,144.77974182552887,75.07682235955946,30.454704949085798,33.01793360582065,75.07682235955946,16.38420885825212,16.633724747568536,1
square_128849018964,-37.687132994263024,144.7850323036187,76.77620255957635,24.032713848400597,32.62777150678508,76.77620255957635,14.145180935569284,18.4825905712158,1
square_128849018965,-37.684564383040936,144.79291031871344,266.87565789473683,11.536583340046539,16.030847953216377,266.8756578947369,8.452192982456141,7.578654970760234,4
square_137438953485,-37.68394525806452,144.8745692580645,55.9741935483871,10.500023787869338,71.4016129032258,55.9741935483871,23.050967741935487,48.35064516129033,0
square_137438953487,-37.68741635294117,144.87913058823528,86.87647058823529,11.509780759616127,77.16,86.87647058823529,22.954117647058823,54.205882352941174,0
square_137438953517,-37.680219,144.7604057297297,63.82972972972973,11.985083259247114,26.224054054054054,63.829729729729735,12.74216216216216,13.481891891891896,1
square_137438953518,-37.676786794520545,144.76535816438354,49.199315068493156,12.122374914196175,31.747123287671233,49.19931506849315,14.838356164383558,16.90876712328767,1
square_137438953519,-37.67984634172662,144.7731090827338,64.13561151079136,33.39892304049774,40.96690647482014,64.13561151079136,13.105071942446044,27.8618345323741,1
square_137438953520,-37.68064597058824,144.77769376470587,51.75367647058823,10.26201497454023,31.52470588235294,51.75367647058823,13.81764705882353,17.70705882352941,1
square_137438953523,-37.67817615151515,144.86662284848487,164.23409090909092,11.295104499467865,87.82545454545455,164.23409090909092,22.30636363636364,65.51909090909089,0
square_137438953524,-37.68100628571428,144.8708422857143,598.5535714285714,6.638844479586905,0.0,598.5535714285714,0.0,0.0,3
square_137438953538,-37.668801967741935,144.75852899999998,45.73225806451613,13.057802872420195,83.34193548387097,45.73225806451613,22.016129032258064,61.3258064516129,0
square_137438953539,-37.672364933333334,144.76492643333333,45.60166666666667,13.350559058046048,92.05666666666666,45.60166666666667,19.95,72.10666666666667,0
square_137438953543,-37.66840353846154,144.85577323076922,41.8,12.073064827155612,0.0,41.8,0.0,0.0,2
square_137438953545,-37.67226044444445,144.85701144444445,39.080555555555556,10.828957564504371,0.0,39.08055555555555,0.0,0.0,2
square_146028888101,-37.663207906976744,144.85465211627908,198.51686046511628,10.370054858274605,0.0,198.51686046511628,0.0,0.0,2
square_146028888137,-37.656103578947366,144.8450365,66.21710526315789,11.13581833851266,0.0,66.2171052631579,0.0,0.0,2
square_146028888138,-37.6593071875,144.8503110625,303.70625,14.793288656958289,0.0,303.70625,0.0,0.0,2
square_154618822680,-37.64717886363636,144.83979077272727,127.53636363636362,12.737945509919722,0.0,127.53636363636365,0.0,0.0,2
square_154618822682,-37.65088884210527,144.84200931578948,65.97368421052632,12.837826958164303,0.0,65.97368421052632,0.0,0.0,2
square_154618822713,-37.64122602475247,144.81711642574257,984.6024752475248,0.5695488150802704,0.0,984.6024752475248,0.0,0.0,3
square_154618822715,-37.64229276642336,144.82187132846715,987.1182481751825,0.4782086024107904,0.0,987.1182481751824,0.0,0.0,3
square_154618822717,-37.64480826086957,144.83589708695652,53.9804347826087,12.108377430045746,0.0,53.98043478260869,0.0,0.0,2
square_154618822732,-37.633650351851855,144.75115834444443,1000.0,0.0,0.0,1000.0,0.0,0.0,3
square_154618822733,-37.63473468831169,144.80188733766232,67.88055194805195,12.640353232541612,0.0,67.88055194805195,0.0,0.0,2
square_154618822741,-37.63438776851852,144.7583347962963,995.9148148148148,0.15165411696823677,0.0,995.9148148148148,0.0,0.0,3
square_163208757248,-37.63183686666666,144.79691480000002,47.144999999999996,14.877321179068247,0.0,47.145,0.0,0.0,2
square_34359738369,-37.82624686666667,144.76537788888888,79.32466666666667,14.671974214885962,21.9,79.32466666666667,10.5,11.399999999999997,1
square_34359738370,-37.82697206060606,144.77258693939393,34.1435606060606,13.88027124460809,21.9,34.14356060606061,10.5,11.4,1
square_34359738371,-37.82761341176471,144.77991779411764,51.660000000000004,22.069474529931526,21.9,51.66,10.5,11.4,1
square_34359738372,-37.8269106797005,144.78652033693845,272.93725249584026,33.02071950688863,21.452655307560317,272.93725249584026,10.252537437603994,11.200117869956324,1
square_34359738374,-37.82794728897339,144.79447357794677,376.82576045627377,35.215027464782665,18.737262357414448,376.82576045627377,3.5091254752851713,15.228136882129276,4
square_34359738394,-37.820497291234354,144.78740076708408,198.87040053667263,16.52175936913824,25.70994040278399,198.87040053667263,9.304216815742397,16.405723587041592,1
square_34359738396,-37.82164625543697,144.7957923519317,279.41632351328633,17.89912177850913,21.25322608469505,279.41632351328633,5.8818233859287625,15.371402698766287,4
square_34359738398,-37.82211225,144.79797575,420.3125,11.483203671879352,20.515,420.3125,5.25,15.265,4
square_34359738429,-37.81207516020483,144.77129407461595,375.4419531821507,15.104943671842015,18.478500365764447,375.4419531821507,7.8961228968544255,10.582377468910025,4
square_34359738430,-37.81301753318584,144.78078860730088,115.13717367256638,17.10901323996346,26.985464601769912,115.13717367256638,9.326880530973453,17.658584070796458,1
square_34359738432,-37.813939827599434,144.78723354497643,128.56821860961983,17.45865739682824,26.15018781949333,128.5682186096198,10.075927467952228,16.0742603515411,1
square_34359738434,-37.815156521621624,144.79562994324323,345.14206756756755,26.87994102562636,18.73689189189189,345.14206756756755,7.402162162162163,11.33472972972973,4
square_34359738436,-37.81500911036036,144.80043213513514,353.07454954954954,24.242898733446477,19.836868709529845,353.07454954954954,6.927252252252253,12.90961645727759,4
square_34359738438,-37.812944805455274,144.81029572322504,121.7129462494986,17.664869677981464,28.572454873646212,121.7129462494986,12.61709185720016,15.95536301644605,1
square_34359738440,-37.81336787161608,144.81671503035275,106.408653609516,43.49516219856406,31.604003281378176,106.408653609516,13.699737489745694,17.904265791632486,1
square_42949672967,-37.807228755693586,144.76971059006212,197.7984109730849,18.161455598204995,23.358927560494305,197.79841097308488,8.891304347826088,14.46762321266822,1
square_42949672970,-37.806829287558124,144.7882011004081,72.96949772231186,17.031379099709678,29.998767271727008,72.96949772231186,11.7240533358641,18.274713935862913,1
square_42949672976,-37.80847917391304,144.80791407246377,31.954710144927535,9.991757729571784,21.572898550724638,31.954710144927535,9.282608695652174,12.290289855072462,1
square_42949672978,-37.806458796368354,144.81863671206224,96.03913748378729,26.429262703553015,33.73313827415694,96.03913748378729,13.237094682230868,20.49604359192607,1
square_42949672980,-37.803588824130884,144.82328835991822,71.77014314928425,35.05172071082486,24.504089979550102,71.77014314928425,11.50920245398773,12.994887525562373,1
square_42949673001,-37.7964154822695,144.75347727659573,116.21489361702127,17.553536829134057,40.67368794326241,116.21489361702127,12.367375886524822,28.30631205673759,1
square_42949673003,-37.79713834725849,144.75849764117868,132.3601174934726,25.35014075217789,36.05117493472585,132.3601174934726,13.647303245057811,22.403871689668033,1
square_42949673005,-37.797135202177294,144.76538774079833,208.37013176084326,24.077766697797106,34.09601889202091,208.3701317608433,10.35023846552618,23.74578042649473,1
square_42949673007,-37.7984448994839,144.77169726075203,179.92957606291472,24.173375119286465,26.488527951431557,179.92957606291472,7.543519292209388,18.945008659222168,1
square_42949673009,-37.79923969801788,144.7798089553051,274.12416731441897,22.365367279037912,30.59204497425185,274.12416731441897,10.098927322191994,20.49311765205985,1
square_42949673011,-37.79965213619583,144.78853325682184,93.22813623595505,18.8437212879329,31.201335228982746,93.22813623595508,12.567241573033709,18.634093655949037,1
square_42949673013,-37.797700301856764,144.79444914827585,151.03141047745356,13.538355457966992,21.543254641909815,151.03141047745356,9.756840848806366,11.786413793103447,1
square_42949673015,-37.79863427632039,144.80160125690801,160.35927159846102,14.142091805320923,24.038337613266222,160.35927159846102,7.350218607904862,16.688119005361358,1
square_42949673017,-37.799459271089724,144.80884273544174,178.13409779993125,26.476658499764085,26.861408989343417,178.13409779993123,9.242268820900652,17.61914016844276,1
square_42949673019,-37.79989973226545,144.8162389736842,389.07509407576913,20.35163479872157,18.418214296000983,389.07509407576913,8.225369310958557,10.192844985042427,4
square_42949673021,-37.80041452270827,144.82363534717192,199.53329850469024,27.01060961050406,25.619457788772987,199.53329850469024,11.757843410420731,13.861614378352256,1
square_42949673022,-37.800588879463504,144.82862624490508,217.78547639784009,25.373468399380982,25.083730002667217,217.7854763978401,10.520101027695524,14.563628974971694,1
square_42949673023,-37.79655338888889,144.83415327777777,46.25972222222222,14.048257601432804,30.08888888888889,46.25972222222222,14.0,16.08888888888889,1
square_51539607556,-37.7930382398736,144.75252284214307,202.22841065785695,23.57620083753529,32.84060552766357,202.22841065785695,10.679817581154838,22.160787946508727,1
square_51539607558,-37.793030869237334,144.75797493348037,196.5971201799943,23.530572901314358,33.13698517731529,196.5971201799943,11.207273050654525,21.929712126660768,1
square_51539607560,-37.79396598938303,144.76528478022885,200.13694128229326,21.94071892808065,29.105889530125634,200.1369412822933,10.37534269199009,18.730546838135545,1
square_51539607562,-37.79357015727054,144.77033220728774,169.35098100721896,20.939702172832785,28.202920610067892,169.350981007219,10.379082158817464,17.823838451250428,1
square_51539607566,-37.79298751726619,144.78869742008393,89.86812245203836,18.360073699632572,33.56092489602069,89.86812245203836,12.987202637889688,20.573722258130996,1
square_51539607569,-37.79323823790795,144.79387108158997,77.89493514644352,16.371073408602676,27.445818743462343,77.89493514644352,13.825043514644353,13.62077522881799,1
square_51539607571,-37.79191633777309,144.80185687769026,123.50539856249492,11.997521130921836,29.940774038998416,123.50539856249492,11.76004385608706,18.18073018291135,1
square_51539607573,-37.792411446423515,144.8095538992025,170.8580720965065,15.338774621708382,24.87629400797094,170.85807209650648,8.46830546897138,16.407988538999565,1
square_51539607575,-37.79212172940505,144.81618190628453,254.95767413467365,14.739189980186689,24.933027786550237,254.95767413467365,8.318524578476456,16.614503208073778,4
square_51539607577,-37.79273418764302,144.82264759330144,332.4273524720893,18.241788042939604,21.817876261994225,332.4273524720893,7.994805491990847,13.82307077000338,4
square_51539607579,-37.7937120033839,144.83142052012835,289.66393028004666,9.120203866592332,12.612959727337369,289.66393028004666,4.9379247374562425,7.6750349898811265,4
square_51539607580,-37.79108981616328,144.83834699588814,487.5464684883373,7.3072029247227785,14.306802299536017,487.54646848833727,3.8779620215311,10.428840278004914,4
square_51539607582,-37.79141005456853,144.8432007433087,400.0726990078449,8.91347348739558,17.65946416596966,400.0726990078449,4.25333640978311,13.40612775618655,4
square_51539607596,-37.78517897968989,144.7646753675475,195.16166739462764,14.136689595992454,18.614042303348164,195.16166739462764,8.388394846036253,10.225647457311911,4
square_51539607604,-37.78697430128756,144.718261583691,447.38903433476395,25.674318757175648,9.636207550965665,447.3890343347639,2.044557939914163,7.591649611051502,4
square_51539607606,-37.78348341701436,144.72343428821458,579.4212520545472,18.523089245453107,9.641615995995002,579.421252054547,2.6119762351271114,7.029639760867891,4
square_51539607609,-37.78496662712341,144.72908103239195,707.3399702810115,13.92987004082325,4.91815684913327,707.3399702810116,1.5486864185101816,3.3694704306230876,3
square_51539607612,-37.785509396445995,144.73461662344874,548.4369280264619,15.726484113873383,13.635184956004936,548.4369280264619,3.927392787027983,9.707792168976956,4
square_51539607616,-37.785957078746826,144.74933545187693,288.26323243014394,24.491389831555036,19.579453775490403,288.26323243014394,6.893053909116567,12.686399866373836,4
square_51539607618,-37.785726813331586,144.7575963749099,447.5985265779642,12.890520970535464,16.514029906098433,447.59852657796426,4.648186406239759,11.865843499858672,4
square_51539607619,-37.78528415161527,144.7711874592511,309.2915290014684,13.435282318920414,19.168837066067823,309.2915290014684,6.5223917033773855,12.646445362690434,4
square_51539607623,-37.78621772743731,144.78915606182673,229.51702249479496,16.258589015383077,25.235532653095863,229.51702249479496,8.819709115738437,16.41582353735743,1
square_51539607626,-37.785736140232345,144.79455277968196,140.4973391282854,13.177315119535024,27.57821399214437,140.4973391282854,10.548105792205652,17.03010819993872,1
square_51539607629,-37.78582711719199,144.80154410408542,109.73171616264945,14.68972945396021,34.043346655524736,109.73171616264943,14.736132600217378,19.30721405530736,1
square_51539607631,-37.786622039583236,144.8095320370715,131.13442508953904,13.737544803520635,32.39545124555212,131.13442508953904,12.878998558072468,19.51645268747965,1
square_51539607633,-37.786700546863905,144.81562184406312,219.6501429980276,15.523674062301497,26.858069508906556,219.6501429980276,8.24678579881657,18.61128371008999,1
square_51539607635,-37.78684732025598,144.82204923267946,331.819317090985,16.504395178440518,22.395013937889104,331.81931709098495,7.112355314412911,15.282658623476191,4
square_60129542144,-37.786970486756,144.83021649828606,293.6691336865067,11.69009829066113,17.734990225245404,293.6691336865067,6.04990339669679,11.685086828548611,4
square_60129542146,-37.786744248693324,144.8379010957822,351.48542755560953,8.722538414575698,19.510502498205224,351.4854275556096,7.015597698507961,12.49490479969726,4
square_60129542148,-37.78606719290302,144.84338290597032,401.68337369695695,8.744371856156489,22.42020476861114,401.68337369695695,6.708688796462041,15.7115159721491,4
square_60129542170,-37.78157629348023,144.72350130052376,416.4898979591837,19.477135359808283,19.810246008386763,416.4898979591837,5.70757156402384,14.102674444362924,4
square_60129542173,-37.781853201621075,144.72585980851065,750.5181104356636,13.94981844477031,2.618368952634245,750.5181104356636,0.760435663627153,1.857933289007092,3
square_60129542176,-37.77857196129284,144.7369513191711,241.09174377687995,22.92394209886821,27.12741192482976,241.09174377688,8.875452886745732,18.251959038084024,1
square_60129542178,-37.77705127471265,144.74695428793103,297.2113218390805,23.558096948263742,13.771992075251438,297.2113218390804,3.971908045977011,9.800084029274425,4
square_60129542180,-37.78046406029285,144.74754086649438,372.0490245478036,27.462158766330496,8.282354583871662,372.0490245478037,2.4451593453919034,5.837195238479758,4
square_60129542182,-37.77848582621951,144.7585380919623,357.97938192904655,12.519373852862776,21.526238045229352,357.97938192904655,6.185310421286031,15.34092762394332,4
square_60129542184,-37.7786063222424,144.76516281694103,377.85668238533185,11.896202620017332,17.806578064590532,377.8566823853318,5.817166539745768,11.989411524844764,4
square_60129542186,-37.778940978693775,144.77172271104303,411.22660144826625,12.08385744316214,13.560148721452443,411.22660144826625,5.0573889430441445,8.5027597784083,4
square_60129542188,-37.77957798360656,144.7797861498829,356.3868266978922,14.03649666752287,17.844637734192037,356.38682669789233,4.710444964871194,13.134192769320842,4
square_60129542190,-37.78114876233184,144.7872215179372,101.78003923766816,22.330617008226312,26.89652983113789,101.78003923766816,9.715560538116591,17.180969293021302,1
square_60129542192,-37.77887846042403,144.79396684487634,203.30063180212014,21.85067026683207,26.208537491718197,203.30063180212017,9.588363957597174,16.620173534121026,1
square_60129542195,-37.778945262849916,144.80170892827772,198.19225150245137,39.19298160352606,27.50711437596374,198.19225150245137,11.002520164478886,16.504594211484857,1
square_60129542197,-37.77916988057273,144.80787655955092,262.4077916531077,36.19798486572077,27.443588319003215,262.4077916531077,9.086433452652132,18.35715486635108,1
square_60129542199,-37.77872111491358,144.8161838916104,108.58019915302735,16.206434317550237,39.93914923600778,108.58019915302737,12.719329289229712,27.21981994677807,1
square_60129542201,-37.77901119753086,144.821481290535,57.28656327160494,15.7267103223943,38.340941285686725,57.28656327160494,13.190106995884776,25.150834289801956,1
square_60129542203,-37.776430311307905,144.8305768702316,106.51097070844688,16.7527210600935,26.50891008174387,106.51097070844686,12.725943460490464,13.782966621253406,1
square_60129542205,-37.77690320930913,144.8388065049766,71.08783665105386,18.604774564147615,27.177101713444085,71.08783665105386,14.17956381733021,12.997537896113874,1
square_60129542207,-37.77861968388253,144.84462107657504,107.15291894314495,11.623703652047586,30.68846222835656,107.15291894314495,12.96275613715426,17.7257060912023,1
square_68719476737,-37.77122008578361,144.7380100336854,213.06906687125323,24.6544987441096,25.517700085194836,213.0690668712532,8.062856123322865,17.454843961871966,1
square_68719476739,-37.77112542763158,144.7457540426065,278.7113956766917,25.3020831628069,21.93158983885495,278.7113956766917,7.181387844611528,14.750201994243422,4
square_68719476740,-37.76803257142857,144.75412982142856,293.03973214285713,25.01877085769347,19.5425,293.03973214285713,9.0,10.542500000000002,4
square_68719476742,-37.770725807779286,144.75863981420173,356.69767073722295,13.731215308692173,25.385421599389414,356.697670737223,9.03388511985527,16.351536479534147,4
square_68719476744,-37.77042448095633,144.76561682374236,360.8040962742288,22.320552266156987,19.225376890225508,360.80409627422887,7.369121351534806,11.856255538690702,4
square_68719476746,-37.770725997106595,144.77357120568527,204.2662681472081,16.932545933714927,27.36094398794416,204.2662681472081,11.389872081218272,15.97107190672589,1
square_68719476748,-37.77030760451586,144.77797726845824,93.83966373458928,14.202728429817824,34.1153040587339,93.83966373458928,13.69033384125225,20.424970217481643,1
square_68719476750,-37.770715186862965,144.78815786251417,135.33226557191392,20.74101162497078,29.899516332814272,135.33226557191392,11.66515288788222,18.23436344493205,1
square_68719476752,-37.771145447642255,144.79495160972075,161.51816336275027,19.57178246004212,30.806860152185276,161.51816336275027,11.077669307278631,19.729190844906647,1
square_68719476754,-37.771438388215856,144.80014110774596,127.67684792584436,13.61723496737613,29.135882200893676,127.67684792584436,12.199278634361232,16.936603566532444,1
square_68719476757,-37.76875163407276,144.80882503087844,324.6409991126886,18.614634025822618,18.321920717335846,324.6409991126886,6.2227057661379765,12.09921495119787,4
square_68719476759,-37.7678640626927,144.81332378622815,324.4649897225077,17.56753193131205,15.042252075571685,324.46498972250765,4.970729701952724,10.071522373618963,4
square_68719476761,-37.76849178720075,144.82382734798935,285.6137419809107,12.441891714973234,23.464554842747614,285.6137419809107,6.624315443592552,16.840239399155063,4
square_68719476763,-37.770528337681355,144.83149320861367,183.0535524509131,13.831769297188918,22.907142368679633,183.0535524509131,7.611603734724701,15.29553863395493,1
square_68719476765,-37.77031182957023,144.83772825690107,159.52766102509148,12.302039501994168,26.665026273829266,159.52766102509148,10.158392789092236,16.506633484737026,1
square_68719476767,-37.771323004606366,144.8444818181742,172.03477868509214,13.017874857503774,23.957661029758167,172.03477868509214,9.327369734414258,14.630291295343907,1
square_68719476769,-37.77037320364742,144.84870979331308,320.8655268490375,9.212030866063275,18.645714285714284,320.86552684903745,9.646079027355624,8.999635258358662,4
square_68719476793,-37.76405663258562,144.739008774284,318.55902588624076,20.909093089802717,23.724941329971337,318.5590258862407,7.369649509313039,16.355291820658298,4
square_68719476795,-37.76368184226755,144.74220808444025,307.55359938330173,25.292306998829638,32.079159623495315,307.5535993833016,11.530934535104365,20.54822508839095,1
square_68719476797,-37.76201280128009,144.7532697436757,286.02314843035657,22.205323897282316,27.310941488399116,286.0231484303566,8.91698262724779,18.39395886115133,1
square_68719476799,-37.76387594033253,144.7588893748324,258.23607032716546,19.287583506826106,23.890213750387588,258.23607032716546,8.439316170555108,15.450897579832478,4
square_68719476801,-37.76466102037258,144.76482207460768,370.96835206937686,15.650755258974359,22.591982254290173,370.9683520693769,6.085648343580802,16.50633391070937,4
square_68719476803,-37.76403589643782,144.77354975145076,167.50448776894922,21.447441596252776,24.454072508871974,167.50448776894922,7.703789840192839,16.750282668679137,1
square_68719476805,-37.76389110329955,144.7791558816045,302.3582407806772,11.912180383594484,24.92089713176623,302.3582407806772,8.297271943066637,16.62362518869959,4
square_68719476807,-37.764551087779694,144.78748240040682,416.36522062275077,12.542251184462561,20.564218581916954,416.3652206227507,5.0602409638554215,15.503977618061532,4
square_68719476809,-37.76327036991279,144.7944210002907,372.8257231104651,11.94906169240455,16.204279745412425,372.8257231104651,3.539327034883721,12.664952710528706,4
square_68719476811,-37.765356785005515,144.80214989966925,213.89306106823474,14.952996899712149,29.412321038910328,213.89306106823472,10.628118338846011,18.784202700064313,1
square_68719476813,-37.76352539136262,144.8087953648548,306.62344229337305,11.232496374682874,23.686812479639798,306.62344229337305,7.915011169024572,15.77180131061523,4
square_68719476815,-37.764289826504694,144.81621626880178,358.3227774710105,15.795197594603,22.37050500414136,358.3227774710105,7.571276642738817,14.79922836140254,4
square_68719476817,-37.76426643646926,144.82360322485007,229.09007964767616,15.269850265632208,22.871894424369845,229.09007964767616,8.407415292353823,14.464479132016022,1
square_68719476819,-37.764403644372,144.83010578945095,219.278308754222,13.697267528513382,27.479720555539874,219.278308754222,8.211217465303688,19.268503090236184,1
square_77309411328,-37.76628734484921,144.83759104737473,208.4467843908557,10.871217722679125,23.03382656837908,208.44678439085573,10.492398380936091,12.54142818744299,1
square_77309411330,-37.76594230458439,144.84400881014125,177.46871498031953,12.321737780226774,22.809776037295237,177.4687149803195,9.09245542949757,13.717320607797667,1
square_77309411332,-37.76451942823433,144.85079297065764,182.65359674771724,12.348862103711374,22.666521818412075,182.65359674771724,10.366882502308403,12.299639316103672,1
square_77309411361,-37.75802549457869,144.7395942907373,240.3632008983891,22.47168738665743,33.782758244510916,240.3632008983891,11.589662329615864,22.19309591489506,1
square_77309411363,-37.75808877173145,144.7432080850412,239.71328621908128,20.730355297972732,32.09512679439046,239.71328621908123,10.449755005889282,21.645371788501176,1
square_77309411365,-37.75967475668073,144.74894514556962,345.57946554149083,23.226965534901712,21.710940851353726,345.5794655414909,7.375436005625878,14.335504845727847,4
square_77309411367,-37.75634465360286,144.75988861166118,528.003173129813,9.09148406300065,12.947628978229854,528.003173129813,3.60973597359736,9.337893004632496,4
square_77309411369,-37.75582592823843,144.7647954961705,392.92003413253417,11.230799131172907,23.06905164822157,392.9200341325341,6.420496170496171,16.6485554777254,4
square_77309411371,-37.75721053071572,144.77266774837872,255.72716307039263,20.39080284956047,29.310581476701596,255.72716307039263,9.30725739889164,20.003324077809957,1
square_77309411373,-37.75763356288361,144.77756963664768,234.25380035710302,18.69131999802147,22.998420551556745,234.253800357103,8.458938734516238,14.53948181704051,1
square_77309411375,-37.75658569259023,144.78748648482912,384.9254750878314,14.65533296583889,9.404014576388334,384.9254750878314,3.5162088789524115,5.887805697435923,4
square_77309411377,-37.756230577319585,144.79381893490427,198.6600405007364,43.21355242260007,23.947101683311857,198.6600405007364,5.828175257731958,18.118926425579897,1
square_77309411379,-37.75695243702902,144.80204939584422,351.02911512347987,28.26936579881889,21.274970080887908,351.0291151234798,5.8587021562336785,15.416267924654228,4
square_77309411381,-37.757360882620894,144.8081300722333,376.46762455769306,29.048765814515182,22.059356543536726,376.46762455769306,6.019119453369667,16.04023709016706,4
square_77309411383,-37.75645996168324,144.81541700839688,499.1496790850304,24.354191894945995,17.317676260058754,499.1496790850304,4.7738422932149405,12.543833966843817,4
square_77309411385,-37.75682317373196,144.8234878681463,309.42059251440634,17.32347819059516,28.005355527364923,309.4205925144064,9.31075939978319,18.694596127581733,4
square_77309411387,-37.75659873400143,144.82990656936292,312.2124713672154,12.252988957188222,23.970406259786596,312.21247136721547,7.613674302075877,16.35673195771072,4
square_77309411389,-37.754631571428575,144.83735390816327,256.4454081632653,10.674172909214384,71.465,256.4454081632653,11.464285714285714,60.000714285714295,0
square_77309411391,-37.757779764117224,144.84770467619728,354.7228377412437,13.97685417337635,19.062200385878306,354.7228377412437,4.350612072239099,14.711588313639206,4
square_85899345923,-37.74895801685393,144.73809306039325,235.31502808988762,27.525678173957076,35.90093311095506,235.3150280898876,10.23685393258427,25.664079178370788,1
square_85899345924,-37.74826559860789,144.74322994663572,201.45638051044082,33.19723291024568,47.567401392111364,201.45638051044085,14.639211136890951,32.92819025522042,1
square_85899345926,-37.74677302734375,144.74860886328125,338.0900390625,24.42417082081448,19.82225387573242,338.0900390625,6.397265625,13.42498825073242,4
square_85899345928,-37.74994617764519,144.7604965710459,412.1100423109704,17.139295407510197,23.90644526256012,412.1100423109704,5.242684102185559,18.663761160374555,4
square_85899345930,-37.749329824387736,144.7654931854427,276.7366976365816,22.34830811276849,26.19230797560049,276.7366976365816,7.915867100530913,18.27644087506958,4
square_85899345932,-37.749107988598674,144.771972973466,200.20202969527364,34.843200966463336,27.121642042068302,200.2020296952736,11.5831706053068,15.538471436761505,1
square_85899345934,-37.749870137256444,144.7796407060819,151.99515066656147,22.03621587623652,29.198798747239092,151.99515066656147,11.460743078015303,17.73805566922379,1
square_85899345936,-37.748670348356114,144.78596146527522,186.97273272995938,25.752838820617963,24.003107359103712,186.97273272995935,8.641664203915774,15.361443155187938,1
square_85899345938,-37.7478593046146,144.7951440039627,93.71145660232646,35.578690853741165,28.316635891362008,93.71145660232648,12.92800460181516,15.388631289546847,1
square_85899345940,-37.749839727883284,144.80212812474912,254.86813204415625,27.248586207752673,23.99712271698172,254.86813204415623,10.418019144665742,13.579103572315985,1
square_85899345942,-37.74969272926679,144.80860106876156,547.2975878003697,15.191065219218274,18.81557668332178,547.2975878003697,5.062390634627234,13.753186048694548,4
square_85899345944,-37.749295365503734,144.81705578707184,526.5190891524167,18.9743916568839,17.781986705225265,526.5190891524168,3.6263237863306688,14.155662918894595,4
square_85899345946,-37.74943322101645,144.82276392565845,428.7417316752916,17.74143866357974,21.213152742309994,428.7417316752916,6.339664787209392,14.873487955100602,4
square_85899345948,-37.74977493806969,144.83060321034498,294.8245704130141,16.351561486320744,27.64402349883063,294.82457041301404,8.673350342361202,18.970673156469427,4
square_85899345950,-37.74823534886241,144.83677437784397,247.12913732394367,15.42696959972854,32.004003250270856,247.12913732394367,10.205687973997833,21.798315276273023,1
square_85899345984,-37.74392943166667,144.73652232,66.94058333333334,29.811048492771636,43.682183333333334,66.94058333333334,16.099500000000003,27.582683333333335,1
square_85899345985,-37.74553666371681,144.74110143362833,83.27699115044248,30.633575614026388,47.03955752212389,83.27699115044248,15.146017699115044,31.893539823008847,1
square_85899345986,-37.742696629545456,144.74936153409092,303.4934090909091,20.84939522203526,28.973545454545455,303.49340909090915,8.039318181818182,20.93422727272727,4
square_85899345987,-37.74495910375494,144.7611385750988,229.40991847826086,38.76126330808746,24.541012845849803,229.4099184782609,9.192687747035572,15.34832509881423,1
square_85899345988,-37.74244467262203,144.76577605084685,211.20440523833346,42.52432469467994,24.71813653478525,211.20440523833344,9.872099621239192,14.84603691354606,1
square_85899345990,-37.74247393664737,144.77191884756095,174.60024596940883,34.900847284548846,28.223742515308494,174.60024596940886,8.97755839189748,19.246184123411016,1
square_85899345992,-37.74229874084319,144.77946247205574,159.18355962809284,23.4955811860651,25.665248494409866,159.1835596280928,8.632493212437888,17.03275528197198,1
square_85899345994,-37.743669027051865,144.78666006999345,169.02786014445175,16.937713938333847,19.70166959742285,169.02786014445175,7.198488509520683,12.503181087902169,1
square_85899345996,-37.744378114533085,144.79512827891156,91.17290043290043,26.989284289306678,28.14670186639997,91.17290043290043,12.977861602311378,15.168840264088592,1
square_85899345998,-37.74190058021202,144.80206563643108,168.25095,18.812122706514764,24.822388918258614,168.25095,11.82497703180212,12.997411886456494,1
square_85899346000,-37.74265308602343,144.8083401889028,280.8213314852902,12.377272744097484,26.75013410509395,280.82133148529016,9.34346597514084,17.40666812995311,4
square_85899346002,-37.742404088200395,144.81664043467367,498.22458437706,12.628891551342214,23.425366534741677,498.2245843770599,5.970965062623598,17.45440147211808,4
square_85899346004,-37.741934879500285,144.82300200993754,253.37511215218623,22.397838725140325,30.371461815907157,253.37511215218623,11.158290176036344,19.213171639870815,1
square_94489280512,-37.74322153569286,144.82813488962208,280.2465176964607,14.827214364065746,23.59280432194811,280.2465176964607,10.031739652069586,13.561064669878526,4
square_94489280514,-37.74558575709779,144.84037163406938,405.09976340694004,14.015655778080298,18.250598260055206,405.09976340694,5.481566771819138,12.769031488236068,4
square_94489280516,-37.74310360076227,144.84506127274892,472.942442829919,14.562267261696457,15.080822024624823,472.942442829919,4.943680323963792,10.137141700661028,4
square_94489280518,-37.739682635194306,144.8507955279146,331.91918992884507,18.401933080743646,20.53935861705494,331.9191899288451,6.11624521072797,14.42311340632697,4
square_94489280554,-37.73775066666666,144.73904858333333,499.6895833333333,12.165886336781526,12.9375,499.68958333333336,3.5,9.4375,4
square_94489280555,-37.732738653061226,144.7435357244898,83.21045918367346,15.548886310713216,21.747908163265308,83.21045918367346,11.732142857142858,10.01576530612245,1
square_94489280556,-37.735305180778035,144.74886513272313,142.5546338672769,29.632787494098938,38.200511388014874,142.5546338672769,9.63157894736842,28.568932440646453,1
square_94489280558,-37.736769680460355,144.76609801827874,241.27790471354828,32.73739416706366,22.575852056359484,241.27790471354825,10.723686214775324,11.85216584158416,1
square_94489280560,-37.73603904326981,144.77201201749972,379.3921820688002,24.991251224770103,22.071081024137,379.39218206880014,6.008332734028527,16.062748290108473,4
square_94489280562,-37.735502801768156,144.78022914168127,275.78803044737447,17.05039021920239,21.06238035788288,275.78803044737447,5.873878515357061,15.188501842525817,4
square_94489280565,-37.73544438805774,144.78680066089237,304.2478710629921,9.959678337665993,21.695415766998853,304.2478710629921,7.113139107611549,14.582276659387304,4
square_94489280567,-37.735301814137785,144.7953681203508,283.0731717561285,10.421964240348883,20.002908022341238,283.0731717561285,7.013207945900254,12.989700076440988,4
square_94489280569,-37.73624772180754,144.8019159932955,278.84109182943723,13.255144175590269,18.517789044691146,278.8410918294373,6.590521610870245,11.9272674338209,4
square_94489280571,-37.735389709302325,144.80885578867395,275.9929229265281,15.587582629699524,22.610730532661684,275.9929229265281,7.480437394418434,15.130293138243252,4
square_94489280573,-37.73506893573679,144.8160201657239,325.13796237290563,17.831976951944068,22.469805783912715,325.1379623729056,6.800646212229702,15.669159571683016,4
square_94489280575,-37.735767916696524,144.82311495395913,134.9120252597635,14.004292558607892,33.33156395557148,134.91202525976354,12.632806043234206,20.698757912337275,1
square_94489280577,-37.73664397762148,144.82896961913895,215.36180040494457,11.445738129142994,35.72527919863598,215.36180040494455,11.262510656436486,24.462768542199488,1
square_94489280583,-37.736672112609575,144.8500225246872,118.66038023525886,21.202526654123233,37.29186407760171,118.66038023525886,12.692546639694312,24.599317437907395,1
